company,date,year,market,lse_ipo,new_issues_type,chosen_group,what_it_does,review_note,group_on_other_row,evidence_url,source_type
CINDRIGO HOLDINGS LIMITED,2025-10-31,2025,UK Main Market,IPO,New admission,Energy,Developing geothermal and biomass energy in Europe; formerly shell Challenger Acquisitions,Financials & Real Estate (original shell); Utilities; Review: unclear whether shell or operating energy developer at the 2025 placing,,https://cindrigo.com,official site
THIRD POINT INVESTORS LIMITED,2025-09-12,2025,UK Main Market,Not IPO,Reverse Takeover,Financials & Real Estate,"Feeder fund investing in Third Point Offshore Fund, an event-driven global hedge fund strategy",,,https://www.lse.co.uk/rns/TPOU/monthly-update-october-2024-nav-performance-qny0bjra0d4yju9.html,other
SUNDAE BAR PLC,2025-06-03,2025,AIM,IPO,New admission,Technology,"AI agent marketplace for businesses; formerly Kondor AI, pre-revenue",,,https://sundaebar.ai,official site
MHA PLC,2025-04-15,2025,AIM,IPO,New admission,Industrials,"UK accountancy, audit, tax and advisory firm with 20 offices",,,https://www.mha.co.uk/about-mha-group,official site
QUANTUM BASE HOLDINGS PLC,2025-04-04,2025,AIM,IPO,New admission,Technology,"Quantum-based Q-ID product authentication tags, licensed to security printers; pre-revenue",,,https://www.quantumbase.com,official site
PUMA AIM VCT PLC,2025-04-02,2025,UK Main Market,IPO,New admission,Financials & Real Estate,"Invests in growth companies quoted on AIM, offering venture capital trust tax reliefs",,,https://pumacapitalgroup.co.uk/news/puma-aim-vct-launches-on-the-london-stock-exchange-the-first-new-aim-vct-in-18-years,official site
ONE HEALTH GROUP PLC,2025-03-20,2025,AIM,IPO,New admission,Health Care,Provides NHS-funded elective surgery via community outreach clinics and partner independent hospitals,,,https://www.investegate.co.uk/announcement/rns/one-health-group-plc--ohgr/results-for-the-year-to-31-march-2026/9652868,other
ACHILLES INVESTMENT COMPANY LIMITED,2025-02-25,2025,UK Main Market,IPO,New admission,Financials & Real Estate,"Invests in London-listed closed-ended investment companies, mainly alternative assets",,,https://www.careyolsen.com/node/5080,other
RC FORNAX PLC,2025-02-05,2025,AIM,IPO,New admission,Industrials,"Veteran-founded engineering consultancy supplying specialist staff to defence, aerospace, space and nuclear programmes",,,https://www.rcfornax.co.uk/,official site
VINANZ LIMITED,2025-01-13,2025,International Main Market,IPO,New admission,Financials & Real Estate,Bitcoin mining in North America plus bitcoin treasury; renamed London BTC Company in 2025,Technology,,https://www.marketscreener.com/quote/cryptocurrency/BITCOIN-BTC-USD-45553945/news/Vinanz-starts-trading-on-London-Main-Market-moving-from-AQSE-48745531/,other
AMCOMRI GROUP PLC,2024-12-20,2024,AIM,IPO,New admission,Industrials,Buys and develops UK niche industrial SMEs in engineering services and manufacturing,,,https://amcomrigroup.com/,official site
SELKIRK GROUP PLC,2024-11-07,2024,AIM,IPO,New admission,Financials & Real Estate,"AIM acquisition vehicle seeking undervalued UK consumer, technology or digital media businesses; no deal yet",,,https://www.investegate.co.uk/announcement/rns/selkirk-group-plc--selk/admission-to-aim-and-first-day-of-dealings/8534726,other
PULSAR HELIUM INC.,2024-10-18,2024,AIM,IPO,New admission,Basic Materials,"Explores for primary helium (not a by-product), mainly Topaz project, Minnesota, plus Greenland",,,https://pulsarhelium.com,official site
FAIRVIEW INTERNATIONAL PLC,2024-10-11,2024,UK Main Market,IPO,New admission,Consumer,Owns two IB private schools in Malaysia and licenses its brand to others,Industrials,,https://www.lse.co.uk/rns/FIL/notice-of-agm-i8c351sr5e0cgbc.html,other
GENIP PLC,2024-10-02,2024,AIM,IPO,New admission,Industrials,AI-assisted technology assessment reports and executive recruitment for innovators; Tekcapital spin-off,Technology,,https://genip.ai,official site
OPTIMA HEALTH PLC,2024-09-26,2024,AIM,Not IPO,Reverse Takeover,Health Care,"Provides occupational health, mental health and musculoskeletal services to employers",,,https://www.optimahealth.co.uk/about/,official site
"MINING, MINERALS & METALS PLC",2024-07-30,2024,UK Main Market,Not IPO,Reverse Takeover,Financials & Real Estate,"SPAC shell seeking natural resources deals; became Georgina Energy (helium, gas explorer) in 2024",,Financials & Real Estate,https://www.lse.co.uk/rns/MMM/notice-of-agm-fik71ry4fp71phl.html,other
ROSEBANK INDUSTRIES PLC,2024-07-11,2024,AIM,IPO,New admission,Financials & Real Estate,"Cash shell buying and fixing engineering firms; now owns CPM, ECI, MWI Components after 2026 deals",Industrials,Financials & Real Estate,https://cdn.yano.digital/media/35bfbqyk/annual-report-2024.pdf,official site
"AOTI, INC.",2024-06-18,2024,AIM,IPO,New admission,Health Care,Sells topical wound oxygen therapy and negative pressure systems for chronic wounds,,,http://aotinc.net/2017/02/aoti-announces-expansive-clinical-education-program-desert-foot-podiatric-residency-summits-2/,official site
CRISM THERAPEUTICS CORPORATION,2024-05-31,2024,AIM,Not IPO,Reverse Takeover,Health Care,"Clinical-stage biotech developing ChemoSeed, a rice-grain implant delivering chemotherapy into tumours",,,https://www.crismtherapeutics.com,official site
PRAETURA GROWTH VCT PLC,2024-04-10,2024,UK Main Market,IPO,New admission,Financials & Real Estate,Venture capital trust investing in growth companies in the north of England,,,https://www.hl.co.uk/investment-services/venture-capital-trusts/praetura-growth,other
HELIX EXPLORATION PLC,2024-04-09,2024,AIM,IPO,New admission,Basic Materials,Explores for non-hydrocarbon helium in Montana; drills wells but is not an oil explorer,Energy,,https://www.helixexploration.com,official site
EUROPEAN GREEN TRANSITION PLC,2024-04-08,2024,AIM,IPO,New admission,Basic Materials,"Held Swedish rare earth, copper, graphite projects at admission; later added UK wind turbine servicing",Financials & Real Estate,,https://www.europeangreentransition.com,official site
FUEL VENTURES VCT PLC,2024-03-22,2024,UK Main Market,IPO,New admission,Financials & Real Estate,"Venture capital trust investing in early-stage UK marketplace, platform and software start-ups",,,https://fuel.ventures/vct-fund,official site
SORTED GROUP HOLDINGS PLC,2024-02-19,2024,AIM,Not IPO,Reverse Takeover,Technology,"Delivery management software platform for retailers: carrier selection, shipping, parcel tracking",,,https://sorted.com/,official site
AIR ASTANA JOINT STOCK COMPANY,2024-02-14,2024,International Main Market,IPO,New admission,Industrials,Kazakhstan's flag carrier airline with low-cost arm FlyArystan; passenger and cargo flights,Consumer,,https://en.wikipedia.org/wiki/Air_Astana,other
MICROSALT PLC,2024-02-01,2024,AIM,IPO,New admission,Consumer,Makes patented low-sodium salt using micron-sized particles for food makers and consumers,,,https://www.lse.co.uk/rns/SALT/microsalt-reaches-one-billion-servings-milestone-p0e0f380nhoqsy8.html,other
TRIBE TECHNOLOGY PLC,2023-09-05,2023,AIM,IPO,New admission,Industrials,Develops and builds autonomous reverse circulation drill rigs for mineral exploration and mining,,,https://ch.zonebourse.com/cours/action/TRIBE-TECHNOLOGY-PLC-158908533/societe,other
REGTECH OPEN PROJECT PLC,2023-08-25,2023,UK Main Market,Not IPO,Reverse Takeover,Technology,Regulatory compliance automation software (Orbit Open Platform),,,https://www.orrick.com/en/News/2023/08/Orrick-Advises-RegTech-Open-Project-plc-on-London-Stock-Exchange-Main-Market-Direct-Listing,other
TAN DELTA SYSTEMS PLC,2023-08-18,2023,AIM,IPO,New admission,Industrials,Real-time oil condition monitoring sensors and software for industrial machinery,Technology,,https://www.tandeltasystems.com,official site
METALS ONE PLC,2023-07-31,2023,AIM,IPO,New admission,Basic Materials,"Early-stage developer and investor in gold, uranium and other critical metals projects",Energy,,https://www.metals-one.com,official site
"ZHEJIANG YONGTAI TECHNOLOGY CO., LTD.",2023-07-11,2023,International Main Market,IPO,New admission,Basic Materials,"Specialty chemicals including lithium battery electrolyte additives; GDRs, Shenzhen parent",,,https://simplywall.st/stocks/gb/materials/lse-ytt/zhejiang-yongtai-technologyltd-shares/information,other
AMICORP FS (UK) PLC,2023-06-08,2023,UK Main Market,IPO,New admission,Financials & Real Estate,"Fund administration and management services for funds, family offices and asset managers",,,https://amicorp.com/amicorps-fund-services-business-successfully-lists-on-the-london-stock-exchange/,official site
ASHINGTON INNOVATION PLC,2023-06-06,2023,UK Main Market,IPO,New admission,Financials & Real Estate,SPAC seeking to acquire fintech or deep tech businesses; no operating business yet,,,https://www.accessnewswire.com/newsroom/en/banking-and-financial-services/ashington-ipo-on-the-london-stock-exchange-758852,other
BECKET INVEST PLC,2023-06-05,2023,UK Main Market,IPO,New admission,Financials & Real Estate,Cash shell seeking reverse takeover of big data or ecommerce firm; renamed Miotal Dec 2024,,,https://ukim.foxrobinson.com/?p=65488,other
FOX MARBLE HOLDINGS PLC,2023-06-02,2023,AIM,Not IPO,Reverse Takeover,Basic Materials,Quarries and processes marble in Kosovo and Southeast Europe for luxury developments,Industrials,Basic Materials,https://www.foxmarble.net,official site
ONEIRO ENERGY PLC,2023-05-25,2023,UK Main Market,IPO,New admission,Financials & Real Estate,"SPAC targeting gas, hydrogen, technology metals deals; became Switch Metals (Ivorian exploration) in 2025",Energy,,https://www.geraldedelman.com/insights/gerald-edelman-act-as-reporting-accountant-on-the-admission-of-oneiro-energy-plc-to-the-main-market-of-the-london-stock-exchange/,other
BREEDON GROUP PLC,2023-05-17,2023,UK Main Market,Not IPO,Transfer,Industrials,"Vertically integrated supplier of aggregates, cement, asphalt and concrete in Britain, Ireland and US",,,https://www.breedongroup.com,official site
GOLDEN METAL RESOURCES PLC,2023-05-10,2023,AIM,IPO,New admission,Basic Materials,Nevada tungsten-focused explorer (now Guardian Metal Resources; same projects),,,https://guardianmetalresources.com/,official site
ASHOKA WHITEOAK EMERGING MARKETS TRUST PLC,2023-05-03,2023,UK Main Market,IPO,New admission,Financials & Real Estate,Investment trust seeking long-term growth from emerging market equities,,,https://www.lse.co.uk/rns/AWEM/quarterly-update-june-2026-65qrg7wb3o64iw5.html,LSE page
DRUMZ PLC,2023-04-25,2023,AIM,Not IPO,Reverse Takeover,Financials & Real Estate,"Investing company (AIM) targeting European technology; later Acuity RM Group, cyber risk software",Technology,,https://www.perivan.com/resources/news/drumz-complete-acquisition-of-acuity-risk-management-placing-and-subscription-share-reorganisation-and-admission-to-aim/,other
"FADEL PARTNERS, INC.",2023-04-06,2023,AIM,IPO,New admission,Technology,Cloud software for brand compliance and royalty management,,,https://fadel.com/resources/london-stock-exchange-welcomes-fadel-to-aim-06-april-2023/,official site
WORLD CHESS PLC,2023-04-06,2023,UK Main Market,IPO,New admission,Consumer,"Online chess platform, tournaments, clubs, merchandise and sponsorship",Technology,,https://worldchess.com,official site
OCEAN HARVEST TECHNOLOGY GROUP PLC,2023-04-04,2023,AIM,IPO,New admission,Consumer,"Seaweed-based feed additives (OceanFeed) for poultry, swine, aquaculture and pets",Basic Materials,,https://oceanharvesttechnology.com,official site
ONWARD OPPORTUNITIES LIMITED,2023-03-30,2023,AIM,IPO,New admission,Financials & Real Estate,Closed-ended fund taking minority stakes in UK smaller companies,,,https://onwardopportunities.co.uk/,official site
DAR GLOBAL PLC,2023-02-28,2023,UK Main Market,IPO,New admission,Financials & Real Estate,"Luxury real estate developer and asset manager in UAE, Saudi Arabia, Qatar, Spain, London",,,https://darglobal.co.uk,official site
FULCRUM METALS PLC,2023-02-14,2023,AIM,IPO,New admission,Basic Materials,"Reprocesses historic Canadian gold mine tailings; explores gold and uranium in Ontario, Saskatchewan",,,https://www.fulcrummetals.com,official site
DIAL SQUARE INVESTMENTS PLC,2022-11-30,2022,UK Main Market,IPO,New admission,Financials & Real Estate,SPAC targeting sports management deals; became EnergyPathways (UK gas) after 2023 reverse takeover,Energy,Financials & Real Estate,https://www.hilldickinson.com/our-view/deals/hill-dickinson-advises-dial-square-investments-on-london-stock-exchange-ipo/,other
BOWEN FINTECH PLC,2022-10-31,2022,UK Main Market,IPO,New admission,Financials & Real Estate,Listed SPAC seeking fintech acquisition; later renamed MOH Nippon (unverified),,,https://www.investegate.co.uk/announcement/rns/moh-nippon--moh/admission-to-trading-and-first-day-of-dealings/7206440,other
MING YANG SMART ENERGY GROUP LIMITED,2022-07-13,2022,International Main Market,IPO,New admission,Energy,Chinese wind turbine manufacturer and renewable energy solutions provider,Industrials,,https://lseg.com/en/media-centre/press-releases/2022/mingyang-smart-energy-group-limited-lists-gdrs-london-stock-exchange,LSE page
ENSILICA PLC,2022-05-24,2022,AIM,IPO,New admission,Technology,Fabless chipmaker designing custom ASICs and chip design services,,,https://www.ensilica.com/?p=74,official site
OCTOPUS FUTURE GENERATIONS VCT PLC,2022-04-05,2022,UK Main Market,IPO,New admission,Financials & Real Estate,"VCT investing in early-stage UK firms in healthcare, sustainability and social-impact themes",,,https://octopusinvestments.com/our-products/venture-capital-trusts/octopus-future-generations-vct/,official site
GREAT SOUTHERN COPPER PLC,2021-12-20,2021,UK Main Market,IPO,New admission,Basic Materials,Early-stage copper-gold exploration company focused on projects in Chile,,,https://sharecast.com/scroll_5/equity/Great_Southern_Copper/profile,other
EPE SPECIAL OPPORTUNITIES LIMITED,2021-12-17,2021,International Main Market,IPO,New admission,Financials & Real Estate,"Jersey investment company investing in UK SMEs, buy-outs and special situations",,Financials & Real Estate,https://www.epespecialopportunities.com,official site
THOMASLLOYD ENERGY IMPACT TRUST PLC,2021-12-14,2021,UK Main Market,IPO,New admission,Financials & Real Estate,Invests in unlisted sustainable energy infrastructure in emerging Asian economies,,,https://www.morningstar.co.uk/uk/news/AN_1636033763315477800/thomaslloyd-energy-impact-to-launch-usd340-million-main-market-ipo.aspx,other
ONDINE BIOMEDICAL INC.,2021-12-06,2021,AIM,IPO,New admission,Health Care,Light-activated photodisinfection treatments that kill bacteria without antibiotics,,,https://www.ondinebio.com,official site
GELION PLC,2021-11-30,2021,AIM,IPO,New admission,Industrials,Develops sulfur-based battery technology and energy storage systems,Energy,,https://www.gelion.com,official site
FORESIGHT SUSTAINABLE FORESTRY COMPANY PLC,2021-11-24,2021,UK Main Market,IPO,New admission,Financials & Real Estate,Investment trust owning UK forestry and new tree planting assets,,,https://foresight.group/news/announcement-of-foresight-sustainable-forestry-company-plc-s-launch-of-initial-public-offering,official site (manager)
PANTHEON INFRASTRUCTURE PLC,2021-11-16,2021,UK Main Market,IPO,New admission,Financials & Real Estate,Closed-ended investment company holding diversified global infrastructure equity,,,https://www.pantheoninfrastructure.com,official site
HARMONY ENERGY INCOME TRUST PLC,2021-11-09,2021,UK Main Market,IPO,New admission,Financials & Real Estate,Invests in battery energy storage and renewable generation projects in Great Britain,,,https://quoteddata.com/2021/10/harmony-energy-income-float-tesla-initial-portfolio/,other
BENS CREEK GROUP PLC,2021-10-19,2021,AIM,IPO,New admission,Energy,Metallurgical coal miner in West Virginia; US subsidiaries later filed Chapter 11,Basic Materials,,https://www.worldcoal.com/coal/22102021/bens-creek-announces-admission-to-aim/,other
PEEL HUNT LIMITED,2021-09-29,2021,AIM,IPO,New admission,Financials & Real Estate,"UK investment bank: corporate advice, equity research, sales and trading",,,https://www.peelhunt.com,official site
ZENOVA GROUP PLC,2021-07-22,2021,AIM,IPO,New admission,Industrials,Fire protection paints and thermal insulation; 2026 reverse takeover of Restoreo IP pending,Basic Materials,,https://www.pkf-l.com/insights/deal-alert-zenova-group-plc/,other
FORWARD PARTNERS GROUP PLC,2021-07-19,2021,AIM,IPO,New admission,Financials & Real Estate,Invests in early-stage tech start-ups; later acquired by Molten Ventures,,,https://www.forwardpartners.com,official site
POOLBEG PHARMA PLC,2021-07-19,2021,AIM,IPO,New admission,Health Care,"Clinical-stage biopharma: cancer immunotherapy side-effect drug, oral GLP-1 obesity therapy",,,https://www.poolbegpharma.com,official site
REVOLUTION BEAUTY GROUP PLC,2021-07-19,2021,AIM,IPO,New admission,Consumer,"Designs and sells budget cosmetics, skincare and haircare, online and through retailers",,,https://www.revolutionbeauty.com,official site
ACCELER8 VENTURES PLC,2021-07-19,2021,UK Main Market,IPO,New admission,Financials & Real Estate,"Acquisition-seeking cash shell (gaming, media, software); no deal completed",,,https://www.stockopedia.com/share-prices/acceler-8-ventures-LON:AC8/news/reg-acceler8-ventures-full-year-results-year-ended-31-december-2025-urn:newsml:reuters.com:20260430:nRSd4662Ca/,other
ITIM GROUP PLC,2021-06-28,2021,AIM,IPO,New admission,Technology,"Subscription retail software (UNIFY): tills, e-commerce, stock, pricing tools for retailers",,,https://www.stockopedia.com/share-prices/itim-LON:ITIM/news/full-year-results-and-notice-of-agm-019e69c2-dacb-7f16-9797-a1385bc65bcc/,other
"SPECTRAL MD HOLDINGS, LTD",2021-06-22,2021,AIM,IPO,New admission,Health Care,AI imaging device (DeepView) assessing wound healing; left AIM for Nasdaq in 2023,Technology,,https://investors.spectral-ai.com/news-releases/news-release-details/admission-trading-aim-first-day-dealings,official site
DIANOMI PLC,2021-05-24,2021,AIM,IPO,New admission,Consumer,Native advertising marketplace linking advertisers with premium finance and business publishers,Technology,,https://www.dianomi.com,official site
KITWAVE GROUP PLC,2021-05-24,2021,AIM,IPO,New admission,Consumer,"UK delivered wholesaler of food, drink and tobacco to retailers, pubs, caterers",,,https://www.kitwave.co.uk,official site
CORNERSTONE FS PLC,2021-04-06,2021,AIM,IPO,New admission,Financials & Real Estate,"Cross-border payments, FX and multi-currency accounts; renamed Finseta",,,https://www.finseta.com,official site
PARSLEY BOX GROUP PLC,2021-03-31,2021,AIM,IPO,New admission,Consumer,Sells shelf-stable ready meals delivered to UK homes,,,https://www.parsleybox.com,official site
ACTIVEOPS PLC,2021-03-29,2021,AIM,IPO,New admission,Technology,"AI-driven workforce decision intelligence SaaS for banks, insurers and service operations",,,https://www.activeops.com,official site
IN THE STYLE GROUP PLC,2021-03-15,2021,AIM,IPO,New admission,Consumer,Online fashion retailer selling influencer and celebrity-endorsed clothing collections,,,https://ifamagazine.com/in-the-style-valued-at-105m-on-strong-ipo-demand/,other
TINYBUILD INC.,2021-03-09,2021,AIM,IPO,New admission,Consumer,Publishes and develops premium AA and indie video games,Technology,,https://tinybuildinvestors.com/company-overview-1,official site
CYBA PLC,2021-03-08,2021,UK Main Market,Not IPO,Reverse Takeover,Financials & Real Estate,Cash shell formed to acquire cyber security business; became Narf Industries in 2022,Technology,Financials & Real Estate,https://www.ticker.app/lse/CYBA/rns/2022-06-20/Corporate-Update/4336P,other
VIRGIN WINES UK PLC,2021-03-02,2021,AIM,IPO,New admission,Consumer,"Online direct-to-consumer retailer of wine, beer and spirits with subscriptions",,,https://www.virginwines.co.uk,official site
CORDIANT DIGITAL INFRASTRUCTURE LIMITED,2021-02-16,2021,UK Main Market,IPO,New admission,Financials & Real Estate,"Invests in data centres, telecoms towers and fibre networks in Europe and North America",,,https://cordiantcap.com/?p=4598,official site
VH GLOBAL SUSTAINABLE ENERGY OPPORTUNITIES PLC,2021-02-02,2021,UK Main Market,IPO,New admission,Financials & Real Estate,Invests in sustainable energy infrastructure for income,,,https://www.hl.co.uk/__data/assets/pdf_file/0006/16515339/KID-VH-Global-Sustainable-Energy-Opportunities-plc.pdf,other
NIGHTCAP PLC,2021-01-13,2021,AIM,IPO,New admission,Consumer,Hospitality and leisure operator running 45 venues across 12 brands in England and Wales,,,https://www.nightcapgroup.com/,official site
VECTOR CAPITAL PLC,2020-12-29,2020,AIM,IPO,New admission,Financials & Real Estate,Secured lender to UK SME property developers; AIM listing since reported inactive,,,https://www.investegate.co.uk/announcement/rns/vector-capital--vcap/year-end-trading-update-/8020751,other
PINEAPPLE POWER CORPORATION PLC,2020-12-24,2020,UK Main Market,IPO,New admission,Financials & Real Estate,Cash shell formed to acquire clean or renewable energy business; no completed acquisition found,Energy,,https://www.sharecast.com/scroll_5/equity/Pineapple_Power_Corporation/profile,other
ONE HERITAGE GROUP PLC,2020-12-23,2020,UK Main Market,IPO,New admission,Financials & Real Estate,Residential property developer and manager in North West England; later renamed Zentra Group,,,https://www.perivan.com/resources/news/one-heritage-group-plc-floats-on-london-stock-exchanges-main-market/,other
SCHRODER BSC SOCIAL IMPACT TRUST PLC,2020-12-22,2020,UK Main Market,IPO,New admission,Financials & Real Estate,"Listed trust investing in UK social impact funds and housing, health and education enterprises",,,https://www.fidelity.co.uk/factsheet-data/factsheet/GB00BF781319-schroder-bsc-social-impact-tst-plc,other
INTUITIVE INVESTMENTS GROUP PLC,2020-12-14,2020,AIM,IPO,New admission,Financials & Real Estate,Investment company holding stakes in fast-growing life sciences and technology businesses,,Financials & Real Estate,https://hl.co.uk/shares/shares-search-results/i/intuitive-investments-group-plc-ord-gbp0.1/company-information,other
TIRUPATI GRAPHITE PLC,2020-12-14,2020,UK Main Market,IPO,New admission,Basic Materials,"Flake graphite producer for batteries, mining in Madagascar, with Mozambique projects",,,https://www.ticker.app/lse/TGR/rns/2025-11-04/Offtake-Progress/1502G,other
PMGR SECURITIES 2025 PLC,2020-12-01,2020,UK Main Market,Not IPO,New admission,Non-company security,Zero dividend preference share issuing subsidiary of a renewables trust; wound up August 2026,Financials & Real Estate,,https://www.globalrenewablestrust.com,official site
ANEMOI INTERNATIONAL LTD,2020-10-26,2020,International Main Market,IPO,New admission,Financials & Real Estate,Cash shell seeking renewables deals at admission; later Swiss RegTech software (id4 AG),Technology,Financials & Real Estate,https://www.investegate.co.uk/announcement/rns/anemoi-international-ltd-npv-di---amoi/completion-of-placing/6395051,other
TRIPLE POINT ENERGY EFFICIENCY INFRASTRUCTURE COMPANY PLC,2020-10-19,2020,UK Main Market,IPO,New admission,Financials & Real Estate,"Invests in UK energy efficiency, heat network and distributed generation assets",,,https://www.tpenergytransition.com,official site
HOME REIT PLC,2020-10-12,2020,UK Main Market,IPO,New admission,Financials & Real Estate,Closed-ended REIT funding and leasing homes to housing associations and charities,,,https://www.hl.co.uk/__data/assets/pdf_file/0005/16178954/HomeREIT-factsheet.pdf,other
CRITICAL METALS PLC,2020-09-29,2020,UK Main Market,IPO,New admission,Financials & Real Estate,"Cash shell targeting African critical-metals mining acquisitions; later Molulu copper-cobalt project, DRC",Basic Materials,Financials & Real Estate,https://www.investegate.co.uk/announcement/rns/critical-metals--crtm/final-results/6455758,other
"CHINA PACIFIC INSURANCE (GROUP) CO., LTD",2020-06-22,2020,International Main Market,IPO,New admission,Financials & Real Estate,"Chinese life, health and property insurer with asset management arm, Shanghai",,,https://api.londonstockexchange.com/api/gw/lse/download/CPICLD/tearsheet,LSE page
PUMA ALPHA VCT PLC,2020-06-05,2020,UK Main Market,IPO,New admission,Financials & Real Estate,"VCT investing in UK scale-up companies, notably logistics and financial technology",,,https://investor.pumainvestments.co.uk/venture-capital-trusts/puma-alpha-vct/puma-alpha-vct-shareholder-information,official site
BLACKFINCH SPRING VCT PLC,2020-04-09,2020,UK Main Market,IPO,New admission,Financials & Real Estate,"VCT investing in early-stage technology-enabled businesses, mainly Series A rounds",,,https://wealthclub.co.uk/venture-capital-trusts/blackfinch-spring-vct/,other
ZAIM CREDIT SYSTEMS PLC,2019-11-04,2019,UK Main Market,IPO,New admission,Financials & Real Estate,Consumer microfinance lender with retail outlets in Moscow and western Russia,,,https://www.hilldickinson.com/insights/media/hill-dickinson-advises-zaim-first-equity-ipo-prospectus-trading-company-under-new,other
ENTERTAINMENT AI PLC,2019-09-30,2019,AIM,Not IPO,Transfer,Consumer,Formerly SEEEN plc: automotive video media (GTChannel) plus AI video technology,Technology,,https://www.investegate.co.uk/announcement/rns/seeen--seen/q3-trading-update/5754520,other
AMRYT PHARMA PLC,2019-09-25,2019,AIM,Not IPO,Reverse Takeover,Health Care,"Rare disease drugmaker, acquired by Chiesi in April 2023 and delisted",,Energy,https://www.amrytpharma.com/,official site
HANSA INVESTMENT COMPANY LIMITED,2019-08-29,2019,International Main Market,Not IPO,New admission,Financials & Real Estate,"Multi-strategy global investment company, mainly equities, growing private asset holdings",,,https://www.hansaicl.com/,official site
MUSTANG ENERGY PLC,2019-07-29,2019,UK Main Market,IPO,New admission,Financials & Real Estate,SPAC seeking energy or natural resources acquisition; later moved to energy storage investments,,Financials & Real Estate,https://www.investegate.co.uk/announcement/rns/defi-development-corporation-uk-plc--dfdv/half-year-report/6572261,other
AIRTEL AFRICA PLC,2019-07-03,2019,UK Main Market,IPO,New admission,Telecoms,"Mobile voice, data and mobile money services in 14 African countries",,,https://airtel.africa/,official site
ARGENTEX GROUP PLC,2019-06-25,2019,AIM,IPO,New admission,Financials & Real Estate,Business FX and payments provider; client trading suspended in 2025 amid special administration,,,https://www.argentex.com/,official site
"HUATAI SECURITIES CO., LTD.",2019-06-20,2019,International Main Market,IPO,New admission,Financials & Real Estate,"Chinese securities group: brokerage, wealth management, institutional services, investment management",,,https://www.htsc.com.cn/,official site
THE SCHIEHALLION FUND LIMITED,2019-03-27,2019,UK Main Market,IPO,New admission,Financials & Real Estate,Baillie Gifford trust investing in later-stage private growth companies worldwide,,,https://bailliegifford.com/en/uk/intermediaries/funds/schiehallion-fund,other
GRESHAM HOUSE ENERGY STORAGE FUND PLC,2018-11-13,2018,UK Main Market,IPO,New admission,Financials & Real Estate,Invests in operational utility-scale battery storage projects across Great Britain,,,https://greshamhouse.com/aus/real-assets/energy-transition-investment/gresham-house-energy-storage-fund-plc/,other
CEIBA INVESTMENTS LIMITED,2018-10-22,2018,UK Main Market,IPO,New admission,Financials & Real Estate,"Closed-ended fund holding Cuban hotel, office and warehouse joint venture stakes",,,https://www.lse.co.uk/rns/CBA/half-year-report-ocyapdizxgtvnb1.html,other
ALEXANDRIA MINERAL OILS COMPANY (AMOC) S.A.E.,2018-10-18,2018,Admission to Trading Only,Not IPO,New admission,Energy,"Egyptian crude and fuel oil refiner making fuels, lubricant oils and waxes",,,https://lse.co.uk/rns/launch-announcement-trading-admission-att-en0iodn765q5d40.html,other
