sector_label,industry_group
Aerospace & Defence,Industrials
Alternative Energy,Energy
Automobiles,Consumer
Automobiles & Parts,Consumer
Automobiles and Parts,Consumer
Banks,Financials & Real Estate
Beverages,Consumer
British Funds,Non-company security
Chemicals,Basic Materials
Closed End Investments,Financials & Real Estate
Company Bonds,Non-company security
Construction & Building Materials,Industrials
Construction & Materials,Industrials
Construction and Materials,Industrials
Diversified Industrials,Industrials
Electricity,Utilities
Electronic & Electrical Equipment,Industrials
Electronic and Electrical Equipment,Industrials
Engineering & Machinery,Industrials
Equity Investment Instruments,Financials & Real Estate
Finance and Credit Services,Financials & Real Estate
Financial Services,Financials & Real Estate
Fixed Line Telecommunications,Telecoms
Food & Drug Retailers,Consumer
Food Producers,Consumer
Food Producers & Processors,Consumer
Forestry & Paper,Basic Materials
"Gas, Water & Multiutilities",Utilities
"Gas, Water and Multi-utilities",Utilities
General Financial,Financials & Real Estate
General Industrials,Industrials
General Retailers,Consumer
Health,Health Care
Health Care Equipment & Services,Health Care
Health Care Providers,Health Care
Household Goods,Consumer
Household Goods & Textiles,Consumer
Household Goods and Home Construction,Consumer
Industrial Engineering,Industrials
Industrial Materials,Basic Materials
Industrial Metals,Basic Materials
Industrial Metals & Mining,Basic Materials
Industrial Metals and Mining,Basic Materials
Industrial Support Services,Industrials
Industrial Transportation,Industrials
Information Technology Hardware,Technology
Insurance,Financials & Real Estate
Investment Banking and Brokerage Services,Financials & Real Estate
Investment Companies,Financials & Real Estate
Investment Entities,Financials & Real Estate
Leisure & Hotels,Consumer
Leisure Goods,Consumer
Life Assurance,Financials & Real Estate
Life Insurance,Financials & Real Estate
Media,Consumer
Media & Entertainment,Consumer
Medical Equipment and Services,Health Care
Mining,Basic Materials
Mobile Telecommunications,Telecoms
Non-life Insurance,Financials & Real Estate
Non-Renewable Energy,Energy
Nonequity Investment Instruments,Financials & Real Estate
Nonlife Insurance,Financials & Real Estate
Oil & Gas,Energy
Oil & Gas Producers,Energy
"Oil Equipment, Services & Distribution",Energy
"Oil, Gas and Coal",Energy
Open End and Miscellaneous Investment Vehicles,Financials & Real Estate
"Personal Care, Drug and Grocery Stores",Consumer
Personal Goods,Consumer
Pharmaceuticals & Biotechnology,Health Care
Pharmaceuticals % Biotechnology,Health Care
"Pharmaceuticals, Biotechnology and Marijuana Producers",Health Care
Precious Metals and Mining,Basic Materials
Preference,Non-company security
Real Estate,Financials & Real Estate
Real Estate Investment & Services,Financials & Real Estate
Real Estate Investment and Services,Financials & Real Estate
Real Estate Investment Trusts,Financials & Real Estate
Retailers,Consumer
Software & Computer Services,Technology
Software and Computer Services,Technology
Speciality & Other Finance,Financials & Real Estate
Steel & Other Metals,Basic Materials
Support Services,Industrials
Technology Hardware & Equipment,Technology
Technology Hardware and Equipment,Technology
Telecommunication Services,Telecoms
Telecommunications Equipment,Telecoms
Telecommunications Service Providers,Telecoms
Tobacco,Consumer
Transport,Industrials
Travel & Leisure,Consumer
Travel and Leisure,Consumer
Utilities - Other,Utilities
(blank),Unclassified
