ftse_group,2005,2006,2007,2008,2009,2010,2011,2012,2013,2014,2015,2016,2017,2018,2019,2020,2021,2022,2023,2024,2025
Financials & Real Estate,171,155,114,36,18,36,27,20,39,39,43,23,49,47,18,25,38,22,11,5,7
Consumer,55,50,39,6,1,14,6,12,18,42,19,14,17,7,6,4,26,0,3,3,6
Industrials,43,45,37,13,0,12,8,4,8,14,11,7,11,9,3,5,14,5,2,4,3
Basic Materials,53,39,28,6,0,16,16,11,7,5,1,4,10,7,1,4,10,10,5,3,2
Technology,39,27,15,0,1,6,2,4,12,9,6,10,6,10,3,2,15,4,1,1,2
Energy,24,18,14,7,1,7,12,6,7,8,1,2,9,6,1,2,7,3,1,0,1
Health Care,21,18,11,1,0,1,3,4,5,13,8,8,5,3,2,4,14,1,0,1,2
Telecoms,9,8,2,0,0,0,0,2,1,4,0,0,0,0,2,1,1,0,0,0,0
Utilities,6,2,4,1,1,0,0,1,1,2,0,2,1,0,0,3,1,0,0,0,0
Non-company security,0,1,0,0,0,0,1,1,0,0,0,0,0,0,0,0,0,0,0,0,0
